Bus_No,CloudLocation,FileNameNoPath,PrivateId,CreationDate,ArchivedDate,DeletedAt,State,ReturnToLongTerm,FileRestored
4596744,12c10d37-5363-496d-b01d-3e80835d823e,44728962968.wav,6701dd4a-fdb7-479f-afe2-6740760cb77a,Mon Feb 11 2019 23:01:02 GMT+0530 (India Standard Time),Fri Apr 12 2019 23:01:49 GMT+0530 (India Standard Time),Invalid Date,6,Thu Sep 26 2019 05:30:00 GMT+0530 (India Standard Time),
4596744,bffc241c-2293-443e-aa49-c4eb9d44ae2b,95570573714.wav,ad7aed93-b474-4662-8093-bea72d901d99,Mon Jul 15 2019 17:06:22 GMT+0530 (India Standard Time),Fri Sep 13 2019 17:07:51 GMT+0530 (India Standard Time),Invalid Date,6,Wed Oct 02 2019 05:30:00 GMT+0530 (India Standard Time),
4596744,a581fcb5-aa1b-461b-bbde-845094eb8943,44728354944.wav,5e95e39c-d268-4fe2-a0c2-125a1520d105,Mon Feb 11 2019 19:09:30 GMT+0530 (India Standard Time),Fri Apr 12 2019 19:11:52 GMT+0530 (India Standard Time),Invalid Date,6,Thu Sep 26 2019 05:30:00 GMT+0530 (India Standard Time),
4596744,96915359-10f4-4987-bcca-0e67093eaed4,44728415345.wav,d14ba335-0e0f-406d-a858-ea712b16767b,Mon Feb 11 2019 19:45:44 GMT+0530 (India Standard Time),Fri Apr 12 2019 19:45:51 GMT+0530 (India Standard Time),Invalid Date,6,Thu Sep 26 2019 05:30:00 GMT+0530 (India Standard Time),
4596744,bd10a052-5f50-4709-b7aa-149b209de150,44750741609.wav,2e0b1d86-e0fd-4e60-bd24-21ecb2ea9188,Tue Feb 12 2019 03:02:35 GMT+0530 (India Standard Time),Sat Apr 13 2019 03:04:47 GMT+0530 (India Standard Time),Invalid Date,6,Thu Sep 26 2019 05:30:00 GMT+0530 (India Standard Time),
4596744,e82fd38b-3690-46bc-ab6a-905261bc4ecb,44728340945.wav,20ecbfb1-a0fa-4a63-930e-6fcfa0a52483,Mon Feb 11 2019 18:49:15 GMT+0530 (India Standard Time),Fri Apr 12 2019 18:50:48 GMT+0530 (India Standard Time),Invalid Date,6,Thu Sep 26 2019 05:30:00 GMT+0530 (India Standard Time),
4596744,ffac0bc6-2c1b-484b-8fa6-f7cc71adacb5,95412984749.wav,4a96311b-8d73-45c1-832f-35f686907a82,Mon Jul 08 2019 18:12:18 GMT+0530 (India Standard Time),Fri Sep 06 2019 18:13:48 GMT+0530 (India Standard Time),Invalid Date,6,Wed Oct 02 2019 05:30:00 GMT+0530 (India Standard Time),
4596744,647210c4-7dbc-474d-820b-b5556a3942c7,95531009517.wav,f2d6641d-4647-4b27-9938-bf7e3199439e,Fri Jul 12 2019 21:33:36 GMT+0530 (India Standard Time),Tue Sep 10 2019 21:45:56 GMT+0530 (India Standard Time),Invalid Date,6,Mon Sep 30 2019 05:30:00 GMT+0530 (India Standard Time),
4596744,bc8cc798-978b-4d85-a46c-f895abbbf11d,44729321296.wav,4fdb78dd-b654-45d3-b48c-8a1059a49662,Tue Feb 12 2019 00:53:14 GMT+0530 (India Standard Time),Sat Apr 13 2019 00:54:47 GMT+0530 (India Standard Time),Invalid Date,6,Thu Sep 26 2019 05:30:00 GMT+0530 (India Standard Time),
4596744,0121851b-932b-4ff9-9a1b-6fbdff70b576,95377128715.wav,b0b40482-b301-4c27-bb10-36b7cbe77fe8,Fri Jul 05 2019 18:36:57 GMT+0530 (India Standard Time),Tue Sep 03 2019 18:37:50 GMT+0530 (India Standard Time),Invalid Date,6,Tue Oct 01 2019 05:30:00 GMT+0530 (India Standard Time),
4596744,e155b999-9bc9-496c-94c4-1b74570f2c5f,95377284959.wav,71d8a2f6-7ff0-4183-af1c-9b17a56ffc0f,Fri Jul 05 2019 19:54:54 GMT+0530 (India Standard Time),Tue Sep 03 2019 19:55:50 GMT+0530 (India Standard Time),Invalid Date,6,Mon Sep 30 2019 05:30:00 GMT+0530 (India Standard Time),
4596744,262685b8-ad4d-4069-abc1-0e7e27481fcb,44750733694.wav,7b9a9a9e-0010-4112-a857-e5453bd940d5,Tue Feb 12 2019 02:59:24 GMT+0530 (India Standard Time),Sat Apr 13 2019 03:00:46 GMT+0530 (India Standard Time),Invalid Date,6,Thu Sep 26 2019 05:30:00 GMT+0530 (India Standard Time),
4596744,565803d8-2e31-4173-ba87-02988a8010cd,95503116434.wav,bb446e4f-e1e3-41f4-8f5e-e7eeda17acbb,Thu Jul 11 2019 22:16:25 GMT+0530 (India Standard Time),Mon Sep 09 2019 22:18:00 GMT+0530 (India Standard Time),Invalid Date,6,Wed Oct 02 2019 05:30:00 GMT+0530 (India Standard Time),
4596744,7f469ffe-4e38-465c-9197-46cca53268cf,95180005026.wav,2b8c5c3e-cfa5-4a07-8a3a-13e73d9a298b,Tue Jun 25 2019 02:15:15 GMT+0530 (India Standard Time),Sat Aug 24 2019 02:15:48 GMT+0530 (India Standard Time),Invalid Date,6,Mon Sep 30 2019 05:30:00 GMT+0530 (India Standard Time),
4596744,d978e628-0492-4ecd-aaaf-eea533498dfd,45596008744.wav,cfd8434d-9d07-4845-b7a5-2d497d929744,Fri Mar 29 2019 21:02:12 GMT+0530 (India Standard Time),Tue May 28 2019 21:02:32 GMT+0530 (India Standard Time),Invalid Date,6,Tue Sep 24 2019 05:30:00 GMT+0530 (India Standard Time),
4596744,08bf2bd1-648e-4061-9159-44d6909ffada,44750595327.wav,d607d1ec-8e97-4a59-aeae-29af8ac08cea,Tue Feb 12 2019 02:12:44 GMT+0530 (India Standard Time),Sat Apr 13 2019 02:13:50 GMT+0530 (India Standard Time),Invalid Date,6,Thu Sep 26 2019 05:30:00 GMT+0530 (India Standard Time),
4596744,35afdac6-f99e-424b-a7cb-31bad7eee836,44728754659.wav,e84c496a-71e4-4a1f-a902-916b55e94972,Mon Feb 11 2019 22:00:05 GMT+0530 (India Standard Time),Fri Apr 12 2019 22:00:47 GMT+0530 (India Standard Time),Invalid Date,6,Thu Sep 26 2019 05:30:00 GMT+0530 (India Standard Time),
4596744,7f055379-41a4-43d5-b087-0345235b8d3c,45788569915.wav,8cb664d7-a95b-49f4-b724-9262864f5dcf,Wed Apr 10 2019 02:07:14 GMT+0530 (India Standard Time),Sun Jun 09 2019 02:08:32 GMT+0530 (India Standard Time),Invalid Date,6,Sat Oct 05 2019 05:30:00 GMT+0530 (India Standard Time),
4596744,7cf51827-ab5a-46eb-9ff2-bdb5fbd5e2f7,95502519982.wav,a5a67816-a88f-4509-b0e1-a5f1c9862161,Thu Jul 11 2019 19:00:27 GMT+0530 (India Standard Time),Mon Sep 09 2019 19:01:53 GMT+0530 (India Standard Time),Invalid Date,6,Mon Sep 30 2019 05:30:00 GMT+0530 (India Standard Time),
4596744,5666af2f-3a86-4af4-94af-c0f78ebc181d,95276376627.wav,ed523b90-8dd9-46d8-9693-b31015b99ed6,Sat Jun 29 2019 02:34:32 GMT+0530 (India Standard Time),Wed Aug 28 2019 02:35:53 GMT+0530 (India Standard Time),Invalid Date,6,Mon Sep 30 2019 05:30:00 GMT+0530 (India Standard Time),
4596744,aa87ea00-9a18-4d84-9172-e31da6d1b13b,95480915139.wav,c3305876-c564-4b3f-aae9-af7b22a088ad,Wed Jul 10 2019 21:20:17 GMT+0530 (India Standard Time),Sun Sep 08 2019 21:21:55 GMT+0530 (India Standard Time),Invalid Date,6,Mon Sep 30 2019 05:30:00 GMT+0530 (India Standard Time),
4596744,7745800d-79fa-48c0-a31e-bdc4a5fac843,95591598160.wav,c0e6f42e-e78d-4d7a-885b-ac6b493e1ea1,Tue Jul 16 2019 21:54:06 GMT+0530 (India Standard Time),Sat Sep 14 2019 21:55:59 GMT+0530 (India Standard Time),Invalid Date,6,Mon Sep 30 2019 05:30:00 GMT+0530 (India Standard Time),
4596744,39a8dfd1-efbf-45b9-a324-280f6c29d6e4,45368662591.wav,7658cfb8-fa79-4db1-9f17-15fa0575e4cf,Sun Mar 17 2019 22:02:05 GMT+0530 (India Standard Time),Thu May 16 2019 22:02:30 GMT+0530 (India Standard Time),Invalid Date,6,Mon Sep 23 2019 05:30:00 GMT+0530 (India Standard Time),
4596744,5c11c3ec-4ab4-4f19-864e-c8cec2c25de4,95317619936.wav,f870c7f5-3c42-4dfc-aabf-b55c219db316,Tue Jul 02 2019 02:02:00 GMT+0530 (India Standard Time),Sat Aug 31 2019 02:03:54 GMT+0530 (India Standard Time),Invalid Date,6,Mon Sep 30 2019 05:30:00 GMT+0530 (India Standard Time),
4596744,74a639e3-8d33-4f3b-bf45-dc5db4f58f73,95215218336.wav,2dd513c9-eb55-47d4-a147-08111556f2b7,Wed Jun 26 2019 02:27:27 GMT+0530 (India Standard Time),Sun Aug 25 2019 02:27:51 GMT+0530 (India Standard Time),Invalid Date,6,Mon Sep 30 2019 05:30:00 GMT+0530 (India Standard Time),
4596744,e1aed843-55e8-484c-b57f-aeb7360f9bb1,45368650686.wav,1009d00a-4e28-402c-9b73-7774a8241079,Sun Mar 17 2019 21:32:49 GMT+0530 (India Standard Time),Thu May 16 2019 21:34:31 GMT+0530 (India Standard Time),Invalid Date,6,Mon Sep 23 2019 05:30:00 GMT+0530 (India Standard Time),
4596744,7f62c58e-0291-4097-9fec-28cde43f8c39,44728912050.wav,bbbf99b7-9d15-4075-b567-cca750b4ec6d,Mon Feb 11 2019 22:45:39 GMT+0530 (India Standard Time),Fri Apr 12 2019 22:46:47 GMT+0530 (India Standard Time),Invalid Date,6,Thu Sep 26 2019 05:30:00 GMT+0530 (India Standard Time),
4596744,7dc47cb7-bf84-4905-8c7c-58dd57d64caf,95503139411.wav,e31bbef5-f658-402e-9dec-217e554f1f9c,Thu Jul 11 2019 22:18:12 GMT+0530 (India Standard Time),Mon Sep 09 2019 22:19:56 GMT+0530 (India Standard Time),Invalid Date,6,Wed Oct 02 2019 05:30:00 GMT+0530 (India Standard Time),
4596744,5242802d-0045-4834-bf59-c9fa3c3b6158,94989652519.wav,e1b0d3ae-7136-44bb-bd31-4206f667153b,Fri Jun 14 2019 02:18:51 GMT+0530 (India Standard Time),Tue Aug 13 2019 02:19:47 GMT+0530 (India Standard Time),Invalid Date,6,Thu Sep 19 2019 05:30:00 GMT+0530 (India Standard Time),
4596744,3c4354bf-85fb-48a0-9464-915df04f9164,95591877092.wav,9a4738a7-f3e7-424b-8608-f69d63f9838d,Tue Jul 16 2019 23:07:44 GMT+0530 (India Standard Time),Sat Sep 14 2019 23:09:55 GMT+0530 (India Standard Time),Invalid Date,6,Mon Sep 30 2019 05:30:00 GMT+0530 (India Standard Time),
4596744,0ec2e459-bbe7-4d67-b039-1a2c7f470f82,44750755568.wav,a4730ab3-356a-403a-b60a-445d36f5d825,Tue Feb 12 2019 03:13:15 GMT+0530 (India Standard Time),Sat Apr 13 2019 03:14:50 GMT+0530 (India Standard Time),Invalid Date,6,Thu Sep 26 2019 05:30:00 GMT+0530 (India Standard Time),
4596744,fc1ebc86-a171-47e9-9160-0e132da9f760,45547003146.wav,80292058-5dac-4c66-9584-40df373a41d9,Wed Mar 27 2019 02:34:42 GMT+0530 (India Standard Time),Sun May 26 2019 02:36:33 GMT+0530 (India Standard Time),Invalid Date,6,Sat Oct 05 2019 05:30:00 GMT+0530 (India Standard Time),
4596744,4c3a46fb-f8d8-4cc4-9263-ecbc9cbc3b06,44729361727.wav,23938840-fafb-47a5-8262-35bac208ca85,Tue Feb 12 2019 01:00:48 GMT+0530 (India Standard Time),Sat Apr 13 2019 01:03:48 GMT+0530 (India Standard Time),Invalid Date,6,Thu Sep 26 2019 05:30:00 GMT+0530 (India Standard Time),
4596744,a93f364e-85bb-45d0-985f-b9338efd3fce,95412960455.wav,41de63c5-295d-44e4-a2f3-6661bf242301,Mon Jul 08 2019 17:22:37 GMT+0530 (India Standard Time),Fri Sep 06 2019 17:23:48 GMT+0530 (India Standard Time),Invalid Date,6,Wed Oct 02 2019 05:30:00 GMT+0530 (India Standard Time),
4596744,72e16524-8d29-42bf-8cbb-06520ebc1e06,44728500632.wav,51ae1098-7e76-4836-98b2-4fc37d8b4b4b,Mon Feb 11 2019 20:32:45 GMT+0530 (India Standard Time),Fri Apr 12 2019 20:34:47 GMT+0530 (India Standard Time),Invalid Date,6,Thu Sep 26 2019 05:30:00 GMT+0530 (India Standard Time),
4596744,8607fa3f-c6fb-4dc6-9c91-d5d6d5066fb2,44729139159.wav,a27f7792-5e72-42ee-87e5-2b814b0fd414,Mon Feb 11 2019 23:57:11 GMT+0530 (India Standard Time),Fri Apr 12 2019 23:58:47 GMT+0530 (India Standard Time),Invalid Date,6,Thu Sep 26 2019 05:30:00 GMT+0530 (India Standard Time),
4596744,20993039-20c1-4163-8ca8-1f9b910d53c4,95295109659.wav,7775677a-0d3a-450d-b3b0-336890c1bcc9,Mon Jul 01 2019 23:17:21 GMT+0530 (India Standard Time),Fri Aug 30 2019 23:17:55 GMT+0530 (India Standard Time),Invalid Date,6,Fri Sep 20 2019 05:30:00 GMT+0530 (India Standard Time),
4596744,0214fa24-8641-4489-a27a-ff4c8fbf2695,95179995149.wav,ba8ea14b-7c3f-4b1e-9a04-388b8be4efcc,Tue Jun 25 2019 02:37:26 GMT+0530 (India Standard Time),Sat Aug 24 2019 02:37:49 GMT+0530 (India Standard Time),Invalid Date,6,Mon Sep 30 2019 05:30:00 GMT+0530 (India Standard Time),
4596744,1137cd71-1b46-4e67-a83c-9788608c4415,95571682797.wav,33aaa1be-63a3-469a-9f1e-633474c57d8c,Tue Jul 16 2019 00:00:25 GMT+0530 (India Standard Time),Sat Sep 14 2019 00:01:53 GMT+0530 (India Standard Time),Invalid Date,6,Mon Sep 30 2019 05:30:00 GMT+0530 (India Standard Time),
4596744,f3866148-21e9-49ea-9487-f2c136a55b96,44728346892.wav,659ac691-da5e-4baf-ba84-7e30a8ff2241,Mon Feb 11 2019 18:56:26 GMT+0530 (India Standard Time),Fri Apr 12 2019 18:57:47 GMT+0530 (India Standard Time),Invalid Date,6,Thu Sep 26 2019 05:30:00 GMT+0530 (India Standard Time),
4596744,0e74c124-4e42-4826-97c7-273a177a71da,95317691755.wav,1757e01d-5b8b-493e-b405-65f33b203a5a,Tue Jul 02 2019 02:30:11 GMT+0530 (India Standard Time),Sat Aug 31 2019 02:31:55 GMT+0530 (India Standard Time),Invalid Date,6,Tue Oct 01 2019 05:30:00 GMT+0530 (India Standard Time),
4596744,b1c3f644-52f4-432d-8f65-05446a2a70da,44728706619.wav,385b53ef-7cfc-4079-a32a-17c89b9b4d9c,Mon Feb 11 2019 21:43:18 GMT+0530 (India Standard Time),Fri Apr 12 2019 21:44:49 GMT+0530 (India Standard Time),Invalid Date,6,Thu Sep 26 2019 05:30:00 GMT+0530 (India Standard Time),
4596744,4479494a-5863-4bc8-a615-b191c90c50a7,45484634040.wav,f2a98209-ec0a-4801-bec4-021ce784e395,Tue Jul 23 2019 19:33:54 GMT+0530 (India Standard Time),Sat Sep 21 2019 19:35:58 GMT+0530 (India Standard Time),Invalid Date,6,Mon Sep 30 2019 05:30:00 GMT+0530 (India Standard Time),
4596744,c7d55980-cb54-42c6-8368-2eb5cf7a8728,95657365373.wav,12369cbc-b4b3-427d-aae1-99540fb364cc,Fri Jul 19 2019 20:42:28 GMT+0530 (India Standard Time),Tue Sep 17 2019 20:43:56 GMT+0530 (India Standard Time),Invalid Date,6,Wed Oct 02 2019 05:30:00 GMT+0530 (India Standard Time),
4596744,92819875-257d-4546-b2fb-e2a7869b0576,45705148486.wav,05adc5a0-505e-481e-b444-f48f472fb07d,Fri Apr 05 2019 22:45:53 GMT+0530 (India Standard Time),Tue Jun 04 2019 22:46:36 GMT+0530 (India Standard Time),Invalid Date,6,Mon Sep 30 2019 05:30:00 GMT+0530 (India Standard Time),
4596744,98dab42a-abf2-42bb-8fa0-adcfe089b2f9,45368668777.wav,ddf0b9fa-533e-4f82-b5cb-b6d5d325dcde,Sun Mar 17 2019 22:20:29 GMT+0530 (India Standard Time),Thu May 16 2019 22:22:28 GMT+0530 (India Standard Time),Invalid Date,6,Mon Sep 23 2019 05:30:00 GMT+0530 (India Standard Time),
4596744,1552d144-a04e-4f6e-a475-6a510a4788af,95295162267.wav,9044a8d1-c17c-47e3-b5a6-4fd97cefca9a,Mon Jul 01 2019 23:37:22 GMT+0530 (India Standard Time),Fri Aug 30 2019 23:37:52 GMT+0530 (India Standard Time),Invalid Date,6,Fri Sep 20 2019 05:30:00 GMT+0530 (India Standard Time),
4596744,722d4e41-9c18-4150-9f7d-a01826cd3794,44729215339.wav,84155308-d89e-4388-ba92-f26baa81956a,Tue Feb 12 2019 00:14:23 GMT+0530 (India Standard Time),Sat Apr 13 2019 00:15:46 GMT+0530 (India Standard Time),Invalid Date,6,Thu Sep 26 2019 05:30:00 GMT+0530 (India Standard Time),
4596744,33e7a920-4427-4fb2-8194-29230220b1d4,44728519893.wav,59a17223-ab51-4939-bda2-b2208d5c31b7,Mon Feb 11 2019 20:49:15 GMT+0530 (India Standard Time),Fri Apr 12 2019 20:49:47 GMT+0530 (India Standard Time),Invalid Date,6,Thu Sep 26 2019 05:30:00 GMT+0530 (India Standard Time),
4596744,8d637b16-5d05-4017-87bc-f2a9c49fbf1e,44845179672.wav,08072422-0332-4e92-979d-b3b6fb97c896,Sat Feb 16 2019 01:36:12 GMT+0530 (India Standard Time),Wed Apr 17 2019 01:37:58 GMT+0530 (India Standard Time),Invalid Date,6,Thu Sep 19 2019 05:30:00 GMT+0530 (India Standard Time),
4596744,93cce49b-adcc-45f8-b661-22224f2debe4,44728919074.wav,6c75c8e0-6349-45fd-bf2a-37e206fa44a9,Mon Feb 11 2019 22:48:48 GMT+0530 (India Standard Time),Fri Apr 12 2019 22:50:50 GMT+0530 (India Standard Time),Invalid Date,6,Thu Sep 26 2019 05:30:00 GMT+0530 (India Standard Time),
4596744,cdb93882-575d-47c1-aa0d-1490335f391d,95548571816.wav,6c63fab1-9e18-4584-a39b-fd6bcd9ce7be,Sat Jul 13 2019 00:14:46 GMT+0530 (India Standard Time),Wed Sep 11 2019 00:15:55 GMT+0530 (India Standard Time),Invalid Date,6,Mon Sep 30 2019 05:30:00 GMT+0530 (India Standard Time),
4596744,054070a5-5ef1-4bcc-92db-654aa98277b2,44729073295.wav,c06d2ca9-8c0d-431e-9729-bb4ba5f4bdcf,Mon Feb 11 2019 23:38:06 GMT+0530 (India Standard Time),Fri Apr 12 2019 23:38:48 GMT+0530 (India Standard Time),Invalid Date,6,Thu Sep 26 2019 05:30:00 GMT+0530 (India Standard Time),
4596744,34f4ab33-4447-41e3-8fbf-f1277b73a5b2,95351063764.wav,eee9fd19-d95d-4643-8e1b-b13a878d27a9,Wed Jul 03 2019 02:52:56 GMT+0530 (India Standard Time),Sun Sep 01 2019 02:53:51 GMT+0530 (India Standard Time),Invalid Date,6,Mon Sep 30 2019 05:30:00 GMT+0530 (India Standard Time),
4596744,079934c4-edc1-4815-bb14-e26cb6f0c65f,44728413275.wav,45e36ee7-a57f-4394-9ed7-de2cacb1d142,Mon Feb 11 2019 19:47:11 GMT+0530 (India Standard Time),Fri Apr 12 2019 19:47:47 GMT+0530 (India Standard Time),Invalid Date,6,Thu Sep 26 2019 05:30:00 GMT+0530 (India Standard Time),
4596744,cb3d77ad-dbab-438b-a901-47bc22a824be,44750737910.wav,4cd32b99-6f63-489f-ad5b-263473fafd09,Tue Feb 12 2019 03:01:01 GMT+0530 (India Standard Time),Sat Apr 13 2019 03:02:47 GMT+0530 (India Standard Time),Invalid Date,6,Thu Sep 26 2019 05:30:00 GMT+0530 (India Standard Time),
4596744,0a069a83-26b9-45a3-beea-eb56440d7bc3,44728351296.wav,29308c68-2458-4a25-981d-3be2eabdbeaa,Mon Feb 11 2019 19:05:27 GMT+0530 (India Standard Time),Fri Apr 12 2019 19:06:46 GMT+0530 (India Standard Time),Invalid Date,6,Thu Sep 26 2019 05:30:00 GMT+0530 (India Standard Time),
4596744,cae0ba54-8705-45fe-8176-d285772033fd,95682290293.wav,bf107e86-246b-45f4-8608-846b0db40a51,Mon Jul 22 2019 20:33:52 GMT+0530 (India Standard Time),Fri Sep 20 2019 20:35:55 GMT+0530 (India Standard Time),Invalid Date,6,Mon Sep 30 2019 05:30:00 GMT+0530 (India Standard Time),
4596744,d97f58ff-5417-4634-8d38-c04c5aadcd94,45596876945.wav,7acc628c-3d34-49d0-9fa4-f8d98527a01d,Sat Mar 30 2019 01:38:08 GMT+0530 (India Standard Time),Wed May 29 2019 01:38:31 GMT+0530 (India Standard Time),Invalid Date,6,Mon Sep 23 2019 05:30:00 GMT+0530 (India Standard Time),
4596744,3a129788-6f4b-4883-ae9e-4862a53465ad,95708007599.wav,9300bfbd-c573-4850-8926-7786dcc11fad,Tue Jul 23 2019 16:42:18 GMT+0530 (India Standard Time),Sat Sep 21 2019 16:43:54 GMT+0530 (India Standard Time),Invalid Date,6,Mon Sep 30 2019 05:30:00 GMT+0530 (India Standard Time),
4596744,d1bf3132-136b-4a6b-a214-ba9252f209ec,45806716991.wav,eba34393-fd17-4013-b2fb-b9c05f3861ff,Thu Apr 11 2019 03:34:58 GMT+0530 (India Standard Time),Mon Jun 10 2019 03:36:31 GMT+0530 (India Standard Time),Invalid Date,6,Sat Oct 05 2019 05:30:00 GMT+0530 (India Standard Time),
4596744,158e4644-a137-4703-b7c9-6675cc3900da,45596054620.wav,eac5cf48-f887-4c98-8fc5-a957d2ef6c47,Fri Mar 29 2019 21:12:11 GMT+0530 (India Standard Time),Tue May 28 2019 21:12:30 GMT+0530 (India Standard Time),Invalid Date,6,Tue Sep 24 2019 05:30:00 GMT+0530 (India Standard Time),
4596744,125d8cf4-2df6-4c46-b1d2-de3107b1b196,95275818813.wav,8a1cdfdd-3274-4895-bf83-8afed5d2fefb,Fri Jun 28 2019 23:19:49 GMT+0530 (India Standard Time),Tue Aug 27 2019 23:21:53 GMT+0530 (India Standard Time),Invalid Date,6,Mon Sep 30 2019 05:30:00 GMT+0530 (India Standard Time),
4596744,1f9854a0-8d87-49d3-823e-5c8cf9fa9081,44824354817.wav,91c54b9e-8b67-4fb2-8b68-62936a07eea8,Fri Feb 15 2019 21:30:24 GMT+0530 (India Standard Time),Tue Apr 16 2019 21:32:01 GMT+0530 (India Standard Time),Invalid Date,6,Sat Jun 15 2019 05:30:00 GMT+0530 (India Standard Time),
4596744,5e3e256b-c975-499c-bf90-6b51715e8923,44728370518.wav,269d6645-a28f-4ac3-9f93-864276d9d9cc,Mon Feb 11 2019 19:23:27 GMT+0530 (India Standard Time),Fri Apr 12 2019 19:25:51 GMT+0530 (India Standard Time),Invalid Date,6,Thu Sep 26 2019 05:30:00 GMT+0530 (India Standard Time),
4596744,333f6ede-df49-44b8-aa1f-1cb6dcca75a0,45280542674.wav,c16f0c1c-90f0-4d48-911f-a97682fefaee,Wed Mar 13 2019 02:20:27 GMT+0530 (India Standard Time),Sun May 12 2019 02:22:31 GMT+0530 (India Standard Time),Invalid Date,6,Sat Sep 21 2019 05:30:00 GMT+0530 (India Standard Time),
4596744,fe8f01b1-5e82-4347-9180-dadc193c461e,44728906370.wav,c5cbb2f5-b047-4153-a69d-619dac710d23,Mon Feb 11 2019 22:44:04 GMT+0530 (India Standard Time),Fri Apr 12 2019 22:44:49 GMT+0530 (India Standard Time),Invalid Date,6,Thu Sep 26 2019 05:30:00 GMT+0530 (India Standard Time),
4596744,03b9a175-517c-4c68-aa6d-ce0b994fdf70,45485196866.wav,77b272e5-128b-4fde-a3e0-fe9b49d9593d,Tue Jul 23 2019 22:32:35 GMT+0530 (India Standard Time),Sat Sep 21 2019 22:33:56 GMT+0530 (India Standard Time),Invalid Date,6,Mon Sep 30 2019 05:30:00 GMT+0530 (India Standard Time),
4596744,d312dd68-a048-4609-805f-3b50271fad59,45596000618.wav,8c2f39a0-3931-408d-bc06-486e44a372ee,Fri Mar 29 2019 20:56:37 GMT+0530 (India Standard Time),Tue May 28 2019 20:58:30 GMT+0530 (India Standard Time),Invalid Date,6,Tue Sep 24 2019 05:30:00 GMT+0530 (India Standard Time),
4596744,bc2c1d98-dafd-4ff2-8121-c6ff03fa0e93,44750773267.wav,87f5644b-59a5-424d-ac06-3aa3505bb90a,Tue Feb 12 2019 03:12:58 GMT+0530 (India Standard Time),Sat Apr 13 2019 03:14:48 GMT+0530 (India Standard Time),Invalid Date,6,Thu Sep 26 2019 05:30:00 GMT+0530 (India Standard Time),
4596744,aac8a197-7c9b-4161-8523-389ee667b4ab,95377139300.wav,b54ba0ea-baae-490e-9c3c-b0908485e5f3,Fri Jul 05 2019 18:40:41 GMT+0530 (India Standard Time),Tue Sep 03 2019 18:41:52 GMT+0530 (India Standard Time),Invalid Date,6,Tue Oct 01 2019 05:30:00 GMT+0530 (India Standard Time),
4596744,965014b1-bc52-4541-a6f7-4135f5815304,95377258904.wav,9495c7d6-5ad6-498f-a5ec-459605f76818,Fri Jul 05 2019 19:44:46 GMT+0530 (India Standard Time),Tue Sep 03 2019 19:45:53 GMT+0530 (India Standard Time),Invalid Date,6,Mon Sep 30 2019 05:30:00 GMT+0530 (India Standard Time),
4596744,2211c4c0-764e-4dd8-9446-0a3a6ecb698f,44750687659.wav,d8b0b26e-1435-4289-a320-05d2a8da44fa,Tue Feb 12 2019 02:46:07 GMT+0530 (India Standard Time),Sat Apr 13 2019 02:46:47 GMT+0530 (India Standard Time),Invalid Date,6,Thu Sep 26 2019 05:30:00 GMT+0530 (India Standard Time),
4596744,e7188456-318d-4507-9a9e-abf6cb8d545f,45806864350.wav,b78d30b8-d8ae-4c8d-a08f-9cc79c8522cf,Thu Apr 11 2019 05:03:44 GMT+0530 (India Standard Time),Mon Jun 10 2019 05:04:31 GMT+0530 (India Standard Time),Invalid Date,6,Sat Oct 05 2019 05:30:00 GMT+0530 (India Standard Time),
4596744,357bb8c4-71bb-47a0-8575-2c688664dc4c,44750782416.wav,c75ba12b-c83a-4518-b17d-3b44875dcd49,Tue Feb 12 2019 03:16:00 GMT+0530 (India Standard Time),Sat Apr 13 2019 03:16:48 GMT+0530 (India Standard Time),Invalid Date,6,Thu Sep 26 2019 05:30:00 GMT+0530 (India Standard Time),
4596744,3fe16ae8-fc56-45f4-848c-a4e0d1adf646,45280059403.wav,231245bf-2e13-48e1-9fe6-85fe7113a3f8,Tue Mar 12 2019 23:51:42 GMT+0530 (India Standard Time),Sat May 11 2019 23:52:31 GMT+0530 (India Standard Time),Invalid Date,6,Sat Sep 21 2019 05:30:00 GMT+0530 (India Standard Time),
4596744,be235ccc-ccef-4726-b7e5-421f7f84b788,95350634863.wav,f281a1e8-7a2e-4022-b1a3-2953666ac595,Wed Jul 03 2019 00:36:47 GMT+0530 (India Standard Time),Sun Sep 01 2019 00:37:54 GMT+0530 (India Standard Time),Invalid Date,6,Mon Sep 30 2019 05:30:00 GMT+0530 (India Standard Time),
4596744,832b7e14-e6f7-4e77-8b31-2bacbc269237,44728593849.wav,e51a66ee-ce5a-43b2-b80c-4323a053eeb7,Mon Feb 11 2019 21:08:35 GMT+0530 (India Standard Time),Fri Apr 12 2019 21:11:53 GMT+0530 (India Standard Time),Invalid Date,6,Thu Sep 26 2019 05:30:00 GMT+0530 (India Standard Time),
4596744,6e67835e-715c-4a20-88ef-5a4e8df7873f,44728349154.wav,c35eb7a1-7e3f-4047-9be9-07448edbc3f6,Mon Feb 11 2019 18:58:03 GMT+0530 (India Standard Time),Fri Apr 12 2019 18:58:45 GMT+0530 (India Standard Time),Invalid Date,6,Thu Sep 26 2019 05:30:00 GMT+0530 (India Standard Time),
4596744,b8f0d723-54d0-4b0e-b2b9-30aad168d697,95531389939.wav,de3f2dea-4854-44de-b5e9-fd8d5d8a070f,Fri Jul 12 2019 23:15:56 GMT+0530 (India Standard Time),Tue Sep 10 2019 23:17:54 GMT+0530 (India Standard Time),Invalid Date,6,Fri Oct 04 2019 05:30:00 GMT+0530 (India Standard Time),
4596744,f007e628-692b-46ff-bd57-0c9da705fbc2,44728445217.wav,d049cc4f-b2d1-4b26-b36e-b17107bb813a,Mon Feb 11 2019 20:09:55 GMT+0530 (India Standard Time),Fri Apr 12 2019 20:10:48 GMT+0530 (India Standard Time),Invalid Date,6,Thu Sep 26 2019 05:30:00 GMT+0530 (India Standard Time),
4596744,9791a419-4be1-4dee-a2f5-e732d8022b47,44728356941.wav,114da4d6-7d6e-44d9-8ba8-c484ececd60b,Mon Feb 11 2019 19:05:15 GMT+0530 (India Standard Time),Fri Apr 12 2019 19:06:46 GMT+0530 (India Standard Time),Invalid Date,6,Thu Sep 26 2019 05:30:00 GMT+0530 (India Standard Time),
4596744,25af990f-c552-49bb-b7e0-06a7beb2630c,45546883372.wav,b0d99bd9-6e93-473c-8dbd-49b748c631c1,Wed Mar 27 2019 01:43:17 GMT+0530 (India Standard Time),Sun May 26 2019 01:44:33 GMT+0530 (India Standard Time),Invalid Date,6,Sat Oct 05 2019 05:30:00 GMT+0530 (India Standard Time),
4596744,6d5a48ec-0a9d-4cb5-ac8a-2cd8773ac71f,95590918346.wav,7ce56079-01ef-40dd-b6ba-371c6fdba9e8,Tue Jul 16 2019 16:33:14 GMT+0530 (India Standard Time),Sat Sep 14 2019 16:33:51 GMT+0530 (India Standard Time),Invalid Date,6,Fri Oct 04 2019 05:30:00 GMT+0530 (India Standard Time),
4596744,1cc7c58b-2d28-4d9c-a98d-f31eeac6aca1,44729021269.wav,85b85137-0fba-4d60-a0db-76e9db520611,Mon Feb 11 2019 23:14:41 GMT+0530 (India Standard Time),Fri Apr 12 2019 23:16:49 GMT+0530 (India Standard Time),Invalid Date,6,Thu Sep 26 2019 05:30:00 GMT+0530 (India Standard Time),
4596744,2c1686a9-5ba6-4049-9137-867addfa7db7,70945650642.wav,14830ab2-1cf4-490d-911f-ec4389e25e93,Wed Jun 12 2019 21:09:26 GMT+0530 (India Standard Time),Sun Aug 11 2019 21:09:50 GMT+0530 (India Standard Time),Invalid Date,6,Fri Sep 27 2019 05:30:00 GMT+0530 (India Standard Time),
4596744,2b8039ba-d6b1-462e-a140-1f636969af4f,44728710362.wav,91500f1a-ad63-480c-9c00-68306ec442db,Mon Feb 11 2019 21:45:00 GMT+0530 (India Standard Time),Fri Apr 12 2019 21:46:50 GMT+0530 (India Standard Time),Invalid Date,6,Thu Sep 26 2019 05:30:00 GMT+0530 (India Standard Time),
4596744,7de56d35-fedf-4e8e-bdac-a589b3cf4934,95180460278.wav,3f557260-fe5a-4471-9df9-51ccc67e220d,Tue Jun 25 2019 05:38:03 GMT+0530 (India Standard Time),Sat Aug 24 2019 05:39:48 GMT+0530 (India Standard Time),Invalid Date,6,Mon Sep 30 2019 05:30:00 GMT+0530 (India Standard Time),
4596744,1429f9de-811a-41ac-bb04-c50d27404b0e,45596917489.wav,67b0c09f-25a4-4e11-b9fa-a0b6607d54ed,Sat Mar 30 2019 01:53:24 GMT+0530 (India Standard Time),Wed May 29 2019 01:54:32 GMT+0530 (India Standard Time),Invalid Date,6,Fri Sep 20 2019 05:30:00 GMT+0530 (India Standard Time),
4596744,c0fa5678-c76a-4469-a29a-adbfe89d6604,44728680480.wav,cfb81bde-8a1a-4d25-8dac-be2f667067b0,Mon Feb 11 2019 21:37:17 GMT+0530 (India Standard Time),Fri Apr 12 2019 21:38:48 GMT+0530 (India Standard Time),Invalid Date,6,Thu Sep 26 2019 05:30:00 GMT+0530 (India Standard Time),
4596744,c84ee526-057d-499b-b876-90480b0474a4,95530713851.wav,6de6ed94-ba31-4480-8cc0-311cbffc84a9,Fri Jul 12 2019 19:53:15 GMT+0530 (India Standard Time),Tue Sep 10 2019 19:53:54 GMT+0530 (India Standard Time),Invalid Date,6,Mon Sep 30 2019 05:30:00 GMT+0530 (India Standard Time),
4596744,59b4d354-4a0b-4152-9fbe-757e2738bfbc,95591433301.wav,3ea41f7c-593f-43d1-8382-a912575fa06f,Tue Jul 16 2019 21:10:51 GMT+0530 (India Standard Time),Sat Sep 14 2019 21:11:54 GMT+0530 (India Standard Time),Invalid Date,6,Mon Sep 30 2019 05:30:00 GMT+0530 (India Standard Time),
4596744,00120218-d47e-4c1e-90cc-2c4ba601b307,70891114187.wav,50d06d95-0833-4d21-975b-8ef98b6a0c9e,Mon Jun 10 2019 18:37:11 GMT+0530 (India Standard Time),Fri Aug 09 2019 18:37:44 GMT+0530 (India Standard Time),Invalid Date,6,Mon Sep 30 2019 05:30:00 GMT+0530 (India Standard Time),
4596744,b73c7417-6635-422e-8ca6-553b56a85d45,45925415604.wav,2b5d0080-e3a9-4ec8-854d-f89b84b3f7a1,Thu Apr 18 2019 01:55:58 GMT+0530 (India Standard Time),Mon Jun 17 2019 01:56:31 GMT+0530 (India Standard Time),Invalid Date,6,Sat Oct 05 2019 05:30:00 GMT+0530 (India Standard Time),
4596744,26148c8c-5113-4fcd-8231-a87b1fc9d4fb,95215036077.wav,2eb3a4a7-320b-4e87-b947-541ae6e22287,Wed Jun 26 2019 01:21:05 GMT+0530 (India Standard Time),Sun Aug 25 2019 01:21:53 GMT+0530 (India Standard Time),Invalid Date,6,Mon Sep 30 2019 05:30:00 GMT+0530 (India Standard Time),
4596744,bb51ba04-292f-4199-a085-3fb1008eec0c,44728364449.wav,81258ab3-3f8e-48a0-8606-82c754b869bf,Mon Feb 11 2019 19:19:29 GMT+0530 (India Standard Time),Fri Apr 12 2019 19:20:46 GMT+0530 (India Standard Time),Invalid Date,6,Thu Sep 26 2019 05:30:00 GMT+0530 (India Standard Time),
4596744,545b6900-71a5-4066-a917-fb00279cd7d9,44729211412.wav,2a496f87-e80a-4de8-9dc2-98e3ae13f73c,Tue Feb 12 2019 00:12:24 GMT+0530 (India Standard Time),Sat Apr 13 2019 00:15:45 GMT+0530 (India Standard Time),Invalid Date,6,Thu Sep 26 2019 05:30:00 GMT+0530 (India Standard Time),
4596744,4c2d8e17-96ad-41a1-9396-26205060dcf7,95571531490.wav,10b0f08d-0230-4b27-94e8-fcce8ba5d2af,Mon Jul 15 2019 23:01:42 GMT+0530 (India Standard Time),Fri Sep 13 2019 23:41:57 GMT+0530 (India Standard Time),Invalid Date,6,Mon Sep 30 2019 05:30:00 GMT+0530 (India Standard Time),
4596744,8c674f13-411f-4c1f-8c63-a3d0267e83ee,44728941139.wav,c24714fc-579a-4e85-ba45-78b140736d8a,Mon Feb 11 2019 22:56:39 GMT+0530 (India Standard Time),Fri Apr 12 2019 22:57:56 GMT+0530 (India Standard Time),Invalid Date,6,Thu Sep 26 2019 05:30:00 GMT+0530 (India Standard Time),
4596744,131319bb-7951-4205-a005-e9e747341053,95706774003.wav,c6a0b2fa-c87d-4613-9b82-0d00a7ead9b9,Mon Jul 22 2019 22:57:23 GMT+0530 (India Standard Time),Fri Sep 20 2019 22:57:56 GMT+0530 (India Standard Time),Invalid Date,6,Mon Sep 30 2019 05:30:00 GMT+0530 (India Standard Time),
4596744,fadaf1bd-842d-4213-ac4c-7899deac547f,44729105335.wav,3703248f-b01d-4abf-b08d-300c505bc6f4,Mon Feb 11 2019 23:42:19 GMT+0530 (India Standard Time),Fri Apr 12 2019 23:44:49 GMT+0530 (India Standard Time),Invalid Date,6,Thu Sep 26 2019 05:30:00 GMT+0530 (India Standard Time),
4596744,d0ccaeb5-ec39-42e8-b185-b77b02c7cd38,44728434203.wav,5d012265-8dc7-4f7b-8234-844b9e3de402,Mon Feb 11 2019 19:58:35 GMT+0530 (India Standard Time),Fri Apr 12 2019 20:00:48 GMT+0530 (India Standard Time),Invalid Date,6,Thu Sep 26 2019 05:30:00 GMT+0530 (India Standard Time),
4596744,5b60b70f-9b32-40f9-a940-1510d59dea9e,95317524933.wav,9989ee3c-13a5-403f-b247-534d09196324,Tue Jul 02 2019 01:27:06 GMT+0530 (India Standard Time),Sat Aug 31 2019 01:27:55 GMT+0530 (India Standard Time),Invalid Date,6,Tue Oct 01 2019 05:30:00 GMT+0530 (India Standard Time),
4596744,c2d374db-46dd-4812-9c82-0cdb3f2c138c,44728669885.wav,0ff957e9-5f65-4db0-96d8-5e5f1e64a4d9,Mon Feb 11 2019 21:33:16 GMT+0530 (India Standard Time),Fri Apr 12 2019 21:34:49 GMT+0530 (India Standard Time),Invalid Date,6,Thu Sep 26 2019 05:30:00 GMT+0530 (India Standard Time),
4596744,e32354e4-70d9-4b27-a5ff-4095db71eed5,45368682905.wav,320fc0a7-1a11-4251-84de-a97033a2ac67,Sun Mar 17 2019 22:49:43 GMT+0530 (India Standard Time),Thu May 16 2019 22:50:27 GMT+0530 (India Standard Time),Invalid Date,6,Mon Sep 23 2019 05:30:00 GMT+0530 (India Standard Time),
4596744,f13918ad-8525-45ca-afbb-ab3400350a5b,95085769741.wav,c223f8d5-b794-4a7b-b73d-7eef957707ca,Thu Jun 20 2019 02:03:58 GMT+0530 (India Standard Time),Mon Aug 19 2019 02:05:49 GMT+0530 (India Standard Time),Invalid Date,6,Mon Sep 30 2019 05:30:00 GMT+0530 (India Standard Time),
4596744,ba3a1938-8d23-4a73-82bf-666a2bbfc648,44729095203.wav,e27bf8f1-23b3-40c8-aaf4-a980957c0d3d,Mon Feb 11 2019 23:40:17 GMT+0530 (India Standard Time),Fri Apr 12 2019 23:40:49 GMT+0530 (India Standard Time),Invalid Date,6,Thu Sep 26 2019 05:30:00 GMT+0530 (India Standard Time),
4596744,1daab0fd-3816-4c8e-8598-453cc0f4ceda,44728354328.wav,bb30255b-d0cf-46c5-a20b-a81783441633,Mon Feb 11 2019 19:06:48 GMT+0530 (India Standard Time),Fri Apr 12 2019 19:08:46 GMT+0530 (India Standard Time),Invalid Date,6,Thu Sep 26 2019 05:30:00 GMT+0530 (India Standard Time),
4596744,0da926d8-74ff-4f4f-b3fc-71f67b8524a2,45704792324.wav,d0d5580f-f0e8-4688-bed3-e5ec995a6547,Fri Apr 05 2019 20:49:25 GMT+0530 (India Standard Time),Tue Jun 04 2019 20:50:33 GMT+0530 (India Standard Time),Invalid Date,6,Mon Sep 30 2019 05:30:00 GMT+0530 (India Standard Time),
4596744,00bde445-d4a5-493c-a337-96a2a7a0b00f,45597122228.wav,a43ce811-2730-4058-bc95-487fcefe0bc5,Sat Mar 30 2019 03:31:15 GMT+0530 (India Standard Time),Wed May 29 2019 03:32:29 GMT+0530 (India Standard Time),Invalid Date,6,Mon Sep 23 2019 05:30:00 GMT+0530 (India Standard Time),
4596744,19289663-d244-4b82-8443-4e41ef835d2d,44750723456.wav,0c24b7d1-df90-4b68-944e-05bddcde8032,Tue Feb 12 2019 02:57:02 GMT+0530 (India Standard Time),Sat Apr 13 2019 02:58:49 GMT+0530 (India Standard Time),Invalid Date,6,Thu Sep 26 2019 05:30:00 GMT+0530 (India Standard Time),
4596744,15d235e6-f83a-4778-b9d6-c476792345e1,44729300251.wav,b0460c48-1e74-4dde-a227-025fa8541748,Tue Feb 12 2019 00:39:12 GMT+0530 (India Standard Time),Sat Apr 13 2019 00:41:47 GMT+0530 (India Standard Time),Invalid Date,6,Thu Sep 26 2019 05:30:00 GMT+0530 (India Standard Time),
4596744,cb58ea7c-0b81-4406-9185-6e8b8a7a0d0e,44728990548.wav,904c17f0-2dfe-4319-bdb4-61a266c7711e,Mon Feb 11 2019 23:08:15 GMT+0530 (India Standard Time),Fri Apr 12 2019 23:08:46 GMT+0530 (India Standard Time),Invalid Date,6,Thu Sep 26 2019 05:30:00 GMT+0530 (India Standard Time),
4596744,3bab8d7d-d314-450f-9b35-d63535008a90,44884464704.wav,f8647b73-d079-4d8c-afe0-79d335ff973d,Wed Feb 20 2019 00:43:44 GMT+0530 (India Standard Time),Sun Apr 21 2019 00:44:09 GMT+0530 (India Standard Time),Invalid Date,6,Sat Sep 21 2019 05:30:00 GMT+0530 (India Standard Time),
4596744,343a40ff-cd16-4ccc-95f1-fadde13804e8,44729252431.wav,988af528-8aa7-4268-b654-d0bec19975c1,Tue Feb 12 2019 00:30:44 GMT+0530 (India Standard Time),Sat Apr 13 2019 00:32:48 GMT+0530 (India Standard Time),Invalid Date,6,Tue Sep 24 2019 05:30:00 GMT+0530 (India Standard Time),
4596744,cba00796-636a-4377-89f2-5ea32a8b3f4c,47178734136.wav,6960182d-6698-4655-82e1-542ddb95451b,Wed Jul 24 2019 01:20:31 GMT+0530 (India Standard Time),Sun Sep 22 2019 01:21:57 GMT+0530 (India Standard Time),Invalid Date,6,Mon Sep 30 2019 05:30:00 GMT+0530 (India Standard Time),
4596744,a77fc7e6-7f44-4f68-b89e-23d0a78598bd,95531371299.wav,19b9d2d5-dc65-4b13-af6d-75926ee97851,Fri Jul 12 2019 23:12:32 GMT+0530 (India Standard Time),Tue Sep 10 2019 23:13:51 GMT+0530 (India Standard Time),Invalid Date,6,Fri Oct 04 2019 05:30:00 GMT+0530 (India Standard Time),
4596744,7f7a4dcf-5f05-43e1-a78d-cda641daa341,44728765129.wav,7361c941-bd8d-49d7-a0c7-0499dce4f4b1,Mon Feb 11 2019 22:03:49 GMT+0530 (India Standard Time),Fri Apr 12 2019 22:04:47 GMT+0530 (India Standard Time),Invalid Date,6,Thu Sep 26 2019 05:30:00 GMT+0530 (India Standard Time),
4596744,9c5e2475-c9dd-4121-bcff-5d0730756265,95179863963.wav,6e14560a-70fb-4e5e-b2c0-eb073b691d0c,Tue Jun 25 2019 01:40:23 GMT+0530 (India Standard Time),Sat Aug 24 2019 01:41:49 GMT+0530 (India Standard Time),Invalid Date,6,Mon Sep 30 2019 05:30:00 GMT+0530 (India Standard Time),
4596744,3991e86d-73c7-400a-8a95-a39fc238ffda,44750748321.wav,eedcf82f-4acb-4c07-af47-c97a046c0c7f,Tue Feb 12 2019 03:05:55 GMT+0530 (India Standard Time),Sat Apr 13 2019 03:06:48 GMT+0530 (India Standard Time),Invalid Date,6,Thu Sep 26 2019 05:30:00 GMT+0530 (India Standard Time),
4596744,86dbdd18-8d7d-4248-8d4b-9dbb2dae83e4,44728365155.wav,fc3f9ecd-a8e8-4e65-9379-88ad820b0721,Mon Feb 11 2019 19:14:20 GMT+0530 (India Standard Time),Fri Apr 12 2019 19:16:47 GMT+0530 (India Standard Time),Invalid Date,6,Thu Sep 26 2019 05:30:00 GMT+0530 (India Standard Time),
4596744,ed63e994-5326-48ea-b756-547743f4ecb4,44750502264.wav,878e7509-b6c4-48bb-b946-4a94d1a9e59c,Tue Feb 12 2019 01:43:03 GMT+0530 (India Standard Time),Sat Apr 13 2019 01:43:51 GMT+0530 (India Standard Time),Invalid Date,6,Thu Sep 26 2019 05:30:00 GMT+0530 (India Standard Time),
4596744,0e30ad99-609d-41ca-9259-4adced6ee0c1,46351043779.wav,768f55e3-045d-4951-b83e-7c87d74fb8a9,Sat May 11 2019 02:45:36 GMT+0530 (India Standard Time),Wed Jul 10 2019 02:46:37 GMT+0530 (India Standard Time),Invalid Date,6,Mon Sep 30 2019 05:30:00 GMT+0530 (India Standard Time),
4596744,43bf653e-02b8-4fda-b88d-43c91e1ba649,95317654778.wav,3cab3827-f0e5-4c4e-9ee2-8b61282fc2b7,Tue Jul 02 2019 02:21:38 GMT+0530 (India Standard Time),Sat Aug 31 2019 02:23:53 GMT+0530 (India Standard Time),Invalid Date,6,Tue Oct 01 2019 05:30:00 GMT+0530 (India Standard Time),
4596744,3e0b73e6-d0ca-48fd-a082-bc6a89f54578,45368683412.wav,8eb70288-825d-490f-a088-a3498899df69,Sun Mar 17 2019 22:57:02 GMT+0530 (India Standard Time),Thu May 16 2019 22:58:30 GMT+0530 (India Standard Time),Invalid Date,6,Mon Sep 23 2019 05:30:00 GMT+0530 (India Standard Time),
4596744,81f21316-a9b4-4e7f-94f9-89afadf44d14,95413770004.wav,00a9ab4e-cf4b-422a-9f30-1175da1e0a92,Mon Jul 08 2019 22:34:20 GMT+0530 (India Standard Time),Fri Sep 06 2019 22:35:53 GMT+0530 (India Standard Time),Invalid Date,6,Wed Oct 02 2019 05:30:00 GMT+0530 (India Standard Time),
4596744,fe109c6b-f638-49dd-aa56-8bb416a42d6a,95180751290.wav,d2717835-9d66-4483-a474-ac5303ddd816,Tue Jun 25 2019 18:44:32 GMT+0530 (India Standard Time),Sat Aug 24 2019 18:45:50 GMT+0530 (India Standard Time),Invalid Date,6,Mon Sep 30 2019 05:30:00 GMT+0530 (India Standard Time),
4596744,6a5c890d-6a95-42ab-bc5d-1a9c5edd07e5,45485212490.wav,ceb8068a-9770-49ee-9001-3d148b7737bb,Tue Jul 23 2019 22:40:24 GMT+0530 (India Standard Time),Sat Sep 21 2019 22:41:54 GMT+0530 (India Standard Time),Invalid Date,6,Mon Sep 30 2019 05:30:00 GMT+0530 (India Standard Time),
4596744,897ad7ea-fb84-4314-9cab-ad62411c91c4,44728407526.wav,af00ad48-283d-48ba-b4ea-08987b9d9030,Mon Feb 11 2019 19:46:48 GMT+0530 (India Standard Time),Fri Apr 12 2019 19:47:48 GMT+0530 (India Standard Time),Invalid Date,6,Thu Sep 26 2019 05:30:00 GMT+0530 (India Standard Time),
4596744,a9ed6d8e-7740-4bca-8730-e84af4dba5fe,44728419015.wav,1fb1552b-80d5-4851-b1e7-4f00ecbbe209,Mon Feb 11 2019 19:53:16 GMT+0530 (India Standard Time),Fri Apr 12 2019 19:53:56 GMT+0530 (India Standard Time),Invalid Date,6,Thu Sep 26 2019 05:30:00 GMT+0530 (India Standard Time),
4596744,0a4e2280-65a0-496f-9508-6895cd6177ef,95502864803.wav,386151e1-0b2c-47fb-a894-206a0822fd49,Thu Jul 11 2019 21:07:14 GMT+0530 (India Standard Time),Mon Sep 09 2019 21:07:53 GMT+0530 (India Standard Time),Invalid Date,6,Mon Sep 30 2019 05:30:00 GMT+0530 (India Standard Time),
4596744,ce3eb173-9338-4a59-863a-d9f441191390,45704908851.wav,5c235bbb-f1e9-486c-b63e-9b39444c999f,Fri Apr 05 2019 21:27:54 GMT+0530 (India Standard Time),Tue Jun 04 2019 21:28:30 GMT+0530 (India Standard Time),Invalid Date,6,Mon Sep 30 2019 05:30:00 GMT+0530 (India Standard Time),
4596744,a4d55c69-15a2-4319-af87-e2849061b591,95214748676.wav,e607e29a-dd2f-46b4-8891-b9618d32f6d9,Tue Jun 25 2019 23:51:57 GMT+0530 (India Standard Time),Sat Aug 24 2019 23:53:46 GMT+0530 (India Standard Time),Invalid Date,6,Mon Sep 30 2019 05:30:00 GMT+0530 (India Standard Time),
4596744,addb38a6-0516-4b2e-852e-66e23633c7bf,47178524602.wav,013dbc68-98e8-4ae0-941c-4942320ba120,Wed Jul 24 2019 00:17:17 GMT+0530 (India Standard Time),Sun Sep 22 2019 00:17:55 GMT+0530 (India Standard Time),Invalid Date,6,Mon Sep 30 2019 05:30:00 GMT+0530 (India Standard Time),
4596744,ea050c87-cfa7-42a6-963b-baa7a0328f3d,44750646515.wav,d6c48172-7f53-4468-9999-7694b9084a4f,Tue Feb 12 2019 02:27:50 GMT+0530 (India Standard Time),Sat Apr 13 2019 02:28:46 GMT+0530 (India Standard Time),Invalid Date,6,Thu Sep 26 2019 05:30:00 GMT+0530 (India Standard Time),
4596744,097928d8-805b-4182-89d3-e7b8959c1145,45065018846.wav,245116f1-d52c-49d7-bf11-45327fd5a6d8,Fri Mar 01 2019 01:00:35 GMT+0530 (India Standard Time),Tue Apr 30 2019 01:02:36 GMT+0530 (India Standard Time),Invalid Date,6,Wed Oct 02 2019 05:30:00 GMT+0530 (India Standard Time),
4596744,b2ef7e01-b723-4374-ab5a-da68eeab8fa3,95708265360.wav,1d3a1878-6c14-4b16-b25e-ede11ef5217a,Wed Jul 24 2019 18:58:09 GMT+0530 (India Standard Time),Sun Sep 22 2019 18:59:55 GMT+0530 (India Standard Time),Invalid Date,6,Fri Oct 04 2019 05:30:00 GMT+0530 (India Standard Time),
4596744,dc145447-593a-4f63-a6c9-c136273e12da,44728581536.wav,d97f511f-7760-47bb-8a35-5db45efe15c7,Mon Feb 11 2019 21:05:44 GMT+0530 (India Standard Time),Fri Apr 12 2019 21:06:47 GMT+0530 (India Standard Time),Invalid Date,6,Thu Sep 26 2019 05:30:00 GMT+0530 (India Standard Time),
4596744,5368412c-e6c0-46f0-aa9f-0c830052c39f,45577597862.wav,5fd61087-c331-4612-b9e5-bce5916cefeb,Thu Mar 28 2019 23:28:15 GMT+0530 (India Standard Time),Mon May 27 2019 23:28:32 GMT+0530 (India Standard Time),Invalid Date,6,Mon Sep 23 2019 05:30:00 GMT+0530 (India Standard Time),
4596744,fb25d439-f2dc-4687-a259-fbb487048fa5,95909210767.wav,1256ac9d-64f9-4974-b834-49f8d0a67450,Thu Aug 01 2019 17:07:52 GMT+0530 (India Standard Time),Mon Sep 30 2019 17:10:52 GMT+0530 (India Standard Time),Invalid Date,6,Wed Oct 09 2019 05:30:00 GMT+0530 (India Standard Time),
4596744,044b9110-fb1d-48f7-ba46-79cfe2bc824c,44750649441.wav,c48aa746-63f2-4c81-a5e8-107920c0cc46,Tue Feb 12 2019 02:35:58 GMT+0530 (India Standard Time),Sat Apr 13 2019 02:36:47 GMT+0530 (India Standard Time),Invalid Date,6,Thu Sep 26 2019 05:30:00 GMT+0530 (India Standard Time),
4596744,d1474d6a-9d5b-4b9e-a05b-995890b3d8e6,95294547947.wav,3260a012-7e6b-4fba-8d85-14067c70e3b7,Mon Jul 01 2019 20:53:41 GMT+0530 (India Standard Time),Fri Aug 30 2019 20:55:51 GMT+0530 (India Standard Time),Invalid Date,6,Mon Sep 30 2019 05:30:00 GMT+0530 (India Standard Time),
4596744,cf53062c-7ba1-4e4c-bad5-c0f8987a0ee4,44729433715.wav,892fadae-7824-4792-bdc4-c5ee9ef0474d,Tue Feb 12 2019 01:21:06 GMT+0530 (India Standard Time),Sat Apr 13 2019 01:22:50 GMT+0530 (India Standard Time),Invalid Date,6,Thu Sep 26 2019 05:30:00 GMT+0530 (India Standard Time),
4596744,a26616e6-f2f9-4430-99cd-56166b389d84,45806820824.wav,7a7a2551-c7f8-419f-a678-04f04b4dca19,Thu Apr 11 2019 04:30:47 GMT+0530 (India Standard Time),Mon Jun 10 2019 04:32:32 GMT+0530 (India Standard Time),Invalid Date,6,Sat Oct 05 2019 05:30:00 GMT+0530 (India Standard Time),
4596744,7970481e-69b5-463b-b07e-449cdcce81b5,95377156983.wav,dab09d18-c588-45c1-ae65-ed7b737dd9ba,Fri Jul 05 2019 18:52:09 GMT+0530 (India Standard Time),Tue Sep 03 2019 18:53:51 GMT+0530 (India Standard Time),Invalid Date,6,Mon Sep 30 2019 05:30:00 GMT+0530 (India Standard Time),
4596744,437d52ba-40a1-41ac-8086-9ca867a5823d,44729289094.wav,74603592-e073-496b-9ef3-bb9f82177fe3,Tue Feb 12 2019 00:38:03 GMT+0530 (India Standard Time),Sat Apr 13 2019 00:38:47 GMT+0530 (India Standard Time),Invalid Date,6,Thu Sep 26 2019 05:30:00 GMT+0530 (India Standard Time),
4596744,f0799dfb-29b3-4904-9f42-84cbb194d864,95350728569.wav,ac38580a-0dfe-47b8-8d20-a88478514423,Wed Jul 03 2019 01:02:29 GMT+0530 (India Standard Time),Sun Sep 01 2019 01:03:49 GMT+0530 (India Standard Time),Invalid Date,6,Mon Sep 30 2019 05:30:00 GMT+0530 (India Standard Time),
4596744,7508e80c-1573-40e9-a203-79d209d43334,44728431135.wav,71138874-61c1-444e-abec-6cc30872a658,Mon Feb 11 2019 19:57:05 GMT+0530 (India Standard Time),Fri Apr 12 2019 19:58:45 GMT+0530 (India Standard Time),Invalid Date,6,Thu Sep 26 2019 05:30:00 GMT+0530 (India Standard Time),
4596744,47ec93aa-988e-4387-bc89-f5e3e6ea9d02,46024281968.wav,a00e5c28-41c2-491c-bdca-6d39547bd734,Wed Apr 24 2019 02:45:38 GMT+0530 (India Standard Time),Sun Jun 23 2019 02:46:35 GMT+0530 (India Standard Time),Invalid Date,6,Fri Sep 20 2019 05:30:00 GMT+0530 (India Standard Time),
4596744,115031f1-963b-461a-9a7b-f2f3388fa861,45008596800.wav,e4ac38fc-f743-4e43-af7a-a6d887ce7b3e,Tue Feb 26 2019 23:15:22 GMT+0530 (India Standard Time),Sat Apr 27 2019 23:15:55 GMT+0530 (India Standard Time),Invalid Date,6,Fri Sep 27 2019 05:30:00 GMT+0530 (India Standard Time),
4596744,e8af8332-7b2d-44de-a6da-f2b465d4bb2c,44728993691.wav,bdc2b8ab-7b08-4344-9c8b-bbcf418658fc,Mon Feb 11 2019 23:13:50 GMT+0530 (India Standard Time),Fri Apr 12 2019 23:14:46 GMT+0530 (India Standard Time),Invalid Date,6,Thu Sep 26 2019 05:30:00 GMT+0530 (India Standard Time),
4596744,4bd29645-ef3b-4afc-8290-899a10f436ee,95352209500.wav,36e62ba1-694e-482b-8089-722694c1c61f,Wed Jul 03 2019 21:49:27 GMT+0530 (India Standard Time),Sun Sep 01 2019 21:49:53 GMT+0530 (India Standard Time),Invalid Date,6,Wed Oct 02 2019 05:30:00 GMT+0530 (India Standard Time),
4596744,654d5213-7375-4b4a-ae4e-93992e2e2201,44728372242.wav,e02e9b92-0d59-4f4d-95d9-25748af615f5,Mon Feb 11 2019 19:20:28 GMT+0530 (India Standard Time),Fri Apr 12 2019 19:22:46 GMT+0530 (India Standard Time),Invalid Date,6,Thu Sep 26 2019 05:30:00 GMT+0530 (India Standard Time),
4596744,5f7c081f-b8d9-47c7-831c-128430d17455,44750557783.wav,ead8fd32-32f4-4003-8101-0ad47ed04939,Tue Feb 12 2019 02:01:59 GMT+0530 (India Standard Time),Sat Apr 13 2019 02:03:47 GMT+0530 (India Standard Time),Invalid Date,6,Thu Sep 26 2019 05:30:00 GMT+0530 (India Standard Time),
4596744,b4231e27-ed09-445f-8353-948d13134825,44728406664.wav,bc6eab4e-a800-473e-8f8b-792d7b50b056,Mon Feb 11 2019 19:43:45 GMT+0530 (India Standard Time),Fri Apr 12 2019 19:45:52 GMT+0530 (India Standard Time),Invalid Date,6,Thu Sep 26 2019 05:30:00 GMT+0530 (India Standard Time),
4596744,c9578f09-2287-4c70-acdc-7ebe68c93b52,44728394979.wav,459271ca-08bc-4d05-9b6b-8aef2f0b9171,Mon Feb 11 2019 19:38:40 GMT+0530 (India Standard Time),Fri Apr 12 2019 19:39:50 GMT+0530 (India Standard Time),Invalid Date,6,Thu Sep 26 2019 05:30:00 GMT+0530 (India Standard Time),
4596744,0ddb7939-3d58-4eec-afc1-e24ad6109d1b,45925323768.wav,a9a659ad-d2ca-4619-ba1f-cfe3e3bdcfd5,Thu Apr 18 2019 01:26:47 GMT+0530 (India Standard Time),Mon Jun 17 2019 01:28:30 GMT+0530 (India Standard Time),Invalid Date,6,Sat Oct 05 2019 05:30:00 GMT+0530 (India Standard Time),
4596744,b19691c5-b9fc-4449-b890-2b39882c8f28,44728554222.wav,f0760179-3b84-4032-a7c6-2bb40de94072,Mon Feb 11 2019 21:02:07 GMT+0530 (India Standard Time),Fri Apr 12 2019 21:03:46 GMT+0530 (India Standard Time),Invalid Date,6,Thu Sep 26 2019 05:30:00 GMT+0530 (India Standard Time),
4596744,77b26b87-c28b-480b-bb89-7a945a80cbad,44750575716.wav,b9e81609-4361-450c-8bed-5b8cc2976559,Tue Feb 12 2019 02:10:55 GMT+0530 (India Standard Time),Sat Apr 13 2019 02:13:49 GMT+0530 (India Standard Time),Invalid Date,6,Thu Sep 26 2019 05:30:00 GMT+0530 (India Standard Time),
4596744,2d14921e-9e82-4102-abe7-d0eae92e40cc,44728356517.wav,ea436628-b46e-444a-b8c6-9722d0b6eb38,Mon Feb 11 2019 19:04:24 GMT+0530 (India Standard Time),Fri Apr 12 2019 19:06:46 GMT+0530 (India Standard Time),Invalid Date,6,Thu Sep 26 2019 05:30:00 GMT+0530 (India Standard Time),
4596744,4168a52e-2f82-42fb-9c04-dda7d7b8b429,95572128931.wav,0c258558-a90c-4044-ae57-d782f54716de,Tue Jul 16 2019 01:37:33 GMT+0530 (India Standard Time),Sat Sep 14 2019 01:39:54 GMT+0530 (India Standard Time),Invalid Date,6,Mon Sep 30 2019 05:30:00 GMT+0530 (India Standard Time),
4596744,556845cb-30a3-4ecd-9a2c-927bb702741f,44728375056.wav,660f76e5-4f90-456f-9e3b-0c509b7a460f,Mon Feb 11 2019 19:22:38 GMT+0530 (India Standard Time),Fri Apr 12 2019 19:25:51 GMT+0530 (India Standard Time),Invalid Date,6,Thu Sep 26 2019 05:30:00 GMT+0530 (India Standard Time),
4596744,4ee787d9-60ae-497b-8440-cf1f370e93c3,44750564316.wav,ad4e728e-7e5a-462f-b062-1c33ffebd9a9,Tue Feb 12 2019 02:02:59 GMT+0530 (India Standard Time),Sat Apr 13 2019 02:03:44 GMT+0530 (India Standard Time),Invalid Date,6,Thu Sep 26 2019 05:30:00 GMT+0530 (India Standard Time),
4596744,286ccc62-7beb-4a2b-b156-48138e1c1623,44750715993.wav,9b6d2f6a-2a1f-4bc4-b3a7-6e63aa353b17,Tue Feb 12 2019 02:51:25 GMT+0530 (India Standard Time),Sat Apr 13 2019 02:52:43 GMT+0530 (India Standard Time),Invalid Date,6,Thu Sep 26 2019 05:30:00 GMT+0530 (India Standard Time),
4596744,6ec4fbc2-0b4b-4f49-b6e8-3212fd569fd1,44728623453.wav,4bc6e541-b2fd-4c84-b4e4-6403cb544c32,Mon Feb 11 2019 21:21:17 GMT+0530 (India Standard Time),Fri Apr 12 2019 21:22:45 GMT+0530 (India Standard Time),Invalid Date,6,Thu Sep 26 2019 05:30:00 GMT+0530 (India Standard Time),
4596744,e1b17813-d640-44e6-ab1d-d536d3cdf480,95180682570.wav,6226da57-41c5-466b-8bf7-b9e90705662e,Tue Jun 25 2019 16:48:12 GMT+0530 (India Standard Time),Sat Aug 24 2019 16:49:46 GMT+0530 (India Standard Time),Invalid Date,6,Wed Oct 09 2019 05:30:00 GMT+0530 (India Standard Time),
4596744,9c96b671-aead-4d67-836f-c6eef9aa296e,95446736038.wav,edc04104-76a6-405e-9eca-05497c582858,Tue Jul 09 2019 21:10:36 GMT+0530 (India Standard Time),Sat Sep 07 2019 21:11:52 GMT+0530 (India Standard Time),Invalid Date,6,Mon Sep 30 2019 05:30:00 GMT+0530 (India Standard Time),
4596744,0ebf93d7-c7a1-4214-80c3-a6e5d2636af4,45788480463.wav,5ee09bf2-fecb-4210-905a-65cf7ada5bb4,Wed Apr 10 2019 01:40:11 GMT+0530 (India Standard Time),Sun Jun 09 2019 01:40:31 GMT+0530 (India Standard Time),Invalid Date,6,Sat Oct 05 2019 05:30:00 GMT+0530 (India Standard Time),
4596744,4b291008-aced-40c2-80a4-dfdc0c5d36d7,44729115528.wav,250d9a98-c7e4-4635-9acd-9805c94cbd50,Mon Feb 11 2019 23:47:52 GMT+0530 (India Standard Time),Fri Apr 12 2019 23:48:47 GMT+0530 (India Standard Time),Invalid Date,6,Thu Sep 26 2019 05:30:00 GMT+0530 (India Standard Time),
4596744,ac295a71-3333-4758-a1d3-ee4cd58a4f14,95318736799.wav,0994a8d6-5249-4f04-8344-e1a06b6e28ee,Tue Jul 02 2019 20:32:33 GMT+0530 (India Standard Time),Sat Aug 31 2019 20:33:50 GMT+0530 (India Standard Time),Invalid Date,6,Mon Sep 30 2019 05:30:00 GMT+0530 (India Standard Time),
4596744,94996af7-eb74-4cc8-b0b7-3537b973f8a4,44750643846.wav,98848fc0-b1b5-4f52-a1d1-951bb5277fe0,Tue Feb 12 2019 02:33:11 GMT+0530 (India Standard Time),Sat Apr 13 2019 02:33:50 GMT+0530 (India Standard Time),Invalid Date,6,Thu Sep 26 2019 05:30:00 GMT+0530 (India Standard Time),
4596744,49a89c84-cdb5-4ad6-88e7-85ba70a626d8,95384222031.wav,1f43cd5a-2ca8-4609-afe6-c0596022a4dc,Sat Jul 06 2019 01:31:47 GMT+0530 (India Standard Time),Wed Sep 04 2019 01:33:53 GMT+0530 (India Standard Time),Invalid Date,6,Mon Sep 30 2019 05:30:00 GMT+0530 (India Standard Time),
4596744,c7c4bb54-01cc-453c-a599-1737f43fa6ad,45925386133.wav,30a9c41b-cd97-4f2f-89e0-f04ff50f969e,Thu Apr 18 2019 01:46:28 GMT+0530 (India Standard Time),Mon Jun 17 2019 01:48:35 GMT+0530 (India Standard Time),Invalid Date,6,Sat Oct 05 2019 05:30:00 GMT+0530 (India Standard Time),
4596744,7394d70f-e8ea-44a5-a988-38985942102e,44729379276.wav,786974e2-2e7b-4c64-8fcd-c069e4963eb2,Tue Feb 12 2019 01:11:50 GMT+0530 (India Standard Time),Sat Apr 13 2019 01:13:54 GMT+0530 (India Standard Time),Invalid Date,6,Thu Sep 26 2019 05:30:00 GMT+0530 (India Standard Time),
4596744,f0ce4cfd-92b8-4514-bad8-1ca6c71241b5,95412969435.wav,a9734dd2-78db-45a1-bb84-68dd72ef901e,Mon Jul 08 2019 17:53:29 GMT+0530 (India Standard Time),Fri Sep 06 2019 17:55:49 GMT+0530 (India Standard Time),Invalid Date,6,Wed Oct 02 2019 05:30:00 GMT+0530 (India Standard Time),
4596744,e9af7889-c23e-410c-b10b-15d44394bb99,45925405733.wav,b3dcc0ea-06fb-4174-b88a-41c2069c02a7,Thu Apr 18 2019 01:50:01 GMT+0530 (India Standard Time),Mon Jun 17 2019 01:50:34 GMT+0530 (India Standard Time),Invalid Date,6,Sat Oct 05 2019 05:30:00 GMT+0530 (India Standard Time),
4596744,844b63f9-869a-420d-bc14-ffc3df73abc5,95445527526.wav,74e087dd-ef28-4200-b9ae-f53ac3582511,Tue Jul 09 2019 02:16:59 GMT+0530 (India Standard Time),Sat Sep 07 2019 02:17:57 GMT+0530 (India Standard Time),Invalid Date,6,Mon Sep 30 2019 05:30:00 GMT+0530 (India Standard Time),
4596744,1423def3-d20a-4ec8-b8c8-63b4bc36f1c4,45368706268.wav,f7efac3f-b3b1-4fbe-b82c-dac45df44f1b,Sun Mar 17 2019 23:53:35 GMT+0530 (India Standard Time),Thu May 16 2019 23:54:30 GMT+0530 (India Standard Time),Invalid Date,6,Mon Sep 23 2019 05:30:00 GMT+0530 (India Standard Time),
4596744,63289060-e62e-4761-8833-ac800545a454,44729276378.wav,90023979-360f-434f-a2c7-46d9f13614e5,Tue Feb 12 2019 00:35:48 GMT+0530 (India Standard Time),Sat Apr 13 2019 00:36:45 GMT+0530 (India Standard Time),Invalid Date,6,Thu Sep 26 2019 05:30:00 GMT+0530 (India Standard Time),
4596744,45a85a20-8eff-4b9e-914c-94593aca372f,44729460370.wav,5f63cb07-27ab-4697-b484-275061780b0b,Tue Feb 12 2019 01:33:50 GMT+0530 (India Standard Time),Sat Apr 13 2019 01:35:44 GMT+0530 (India Standard Time),Invalid Date,6,Thu Sep 26 2019 05:30:00 GMT+0530 (India Standard Time),
4596744,b7e9c107-3253-462f-bb79-cc182968e793,44845192962.wav,acdab854-0962-4bfb-a46f-0268ca8d29f1,Sat Feb 16 2019 01:39:53 GMT+0530 (India Standard Time),Wed Apr 17 2019 01:40:48 GMT+0530 (India Standard Time),Invalid Date,6,Thu Sep 19 2019 05:30:00 GMT+0530 (India Standard Time),
4596744,92e8250b-81bf-48d4-a6f9-e7d90091a24c,45280166902.wav,a0bbba67-950a-4bf6-9633-300f07950ee2,Wed Mar 13 2019 00:21:27 GMT+0530 (India Standard Time),Sun May 12 2019 00:22:30 GMT+0530 (India Standard Time),Invalid Date,6,Sat Sep 21 2019 05:30:00 GMT+0530 (India Standard Time),
4596744,b6fa0a3a-5e3e-4e59-8211-e0fbba6b0971,44729477792.wav,3c82f4eb-d7aa-48ef-9a16-bcba33a791be,Tue Feb 12 2019 01:41:18 GMT+0530 (India Standard Time),Sat Apr 13 2019 01:43:50 GMT+0530 (India Standard Time),Invalid Date,6,Thu Sep 26 2019 05:30:00 GMT+0530 (India Standard Time),
4596744,f3bd0476-40f3-44a0-8d92-b341ad07dd89,44728377800.wav,8e038ef1-3333-4081-80b9-642867d79cf3,Mon Feb 11 2019 19:28:26 GMT+0530 (India Standard Time),Fri Apr 12 2019 19:29:48 GMT+0530 (India Standard Time),Invalid Date,6,Thu Sep 26 2019 05:30:00 GMT+0530 (India Standard Time),
4596744,adf49bed-4bb0-4949-a9b1-c929eab5fd52,44750517343.wav,9d1d6c49-e620-4f98-b617-6ec9dada7617,Tue Feb 12 2019 01:51:03 GMT+0530 (India Standard Time),Sat Apr 13 2019 01:51:51 GMT+0530 (India Standard Time),Invalid Date,6,Thu Sep 26 2019 05:30:00 GMT+0530 (India Standard Time),
4596744,c114f2ae-e466-493c-b5f3-21e113455bf0,95276078801.wav,90a57a93-8d30-4cac-8ca2-d94de6572e66,Sat Jun 29 2019 00:45:56 GMT+0530 (India Standard Time),Wed Aug 28 2019 00:47:49 GMT+0530 (India Standard Time),Invalid Date,6,Sat Sep 21 2019 05:30:00 GMT+0530 (India Standard Time),
4596744,31e102c0-9834-431e-81ab-eb66e2139865,44728381925.wav,9683a8f2-e7d6-4960-b748-c74aacc7ca4f,Mon Feb 11 2019 19:31:49 GMT+0530 (India Standard Time),Fri Apr 12 2019 19:33:58 GMT+0530 (India Standard Time),Invalid Date,6,Thu Sep 26 2019 05:30:00 GMT+0530 (India Standard Time),
4596744,70fbaf37-49ab-4faa-99c6-4b6fb0640e87,95352332834.wav,2d4c7952-969a-45a5-b157-43e18dace507,Wed Jul 03 2019 22:31:01 GMT+0530 (India Standard Time),Sun Sep 01 2019 22:31:52 GMT+0530 (India Standard Time),Invalid Date,6,Wed Oct 02 2019 05:30:00 GMT+0530 (India Standard Time),
4596744,5cc0f80e-11c8-4ee1-b8ab-6c9bcfb600f9,44750605760.wav,92d7d55b-ae03-40b8-baf3-d9186f9dff76,Tue Feb 12 2019 02:19:12 GMT+0530 (India Standard Time),Sat Apr 13 2019 02:20:47 GMT+0530 (India Standard Time),Invalid Date,6,Thu Sep 26 2019 05:30:00 GMT+0530 (India Standard Time),
4596744,50b815a8-6bf0-4128-9a64-6fddc770137e,95295429447.wav,cbd86324-4ed0-4e36-a821-d2056a721e93,Tue Jul 02 2019 00:57:41 GMT+0530 (India Standard Time),Sat Aug 31 2019 00:59:56 GMT+0530 (India Standard Time),Invalid Date,6,Tue Oct 01 2019 05:30:00 GMT+0530 (India Standard Time),
4596744,e58f7793-8d7b-41d7-a8f8-f56108231c8d,45925231215.wav,99176560-5599-4c52-b03b-befaa59a90ef,Thu Apr 18 2019 00:55:49 GMT+0530 (India Standard Time),Mon Jun 17 2019 00:56:33 GMT+0530 (India Standard Time),Invalid Date,6,Sat Oct 05 2019 05:30:00 GMT+0530 (India Standard Time),
4596744,0cedb366-f704-4ba9-961b-06a61611fbb1,95294502127.wav,2e713164-8e47-46bb-99fd-ffd907ad3e62,Mon Jul 01 2019 20:38:24 GMT+0530 (India Standard Time),Fri Aug 30 2019 20:39:53 GMT+0530 (India Standard Time),Invalid Date,6,Mon Sep 30 2019 05:30:00 GMT+0530 (India Standard Time),
4596744,67a3bb4f-5ebe-4d39-8d5b-75ae166fab39,95294315736.wav,c79f3e2b-e521-4f5b-a09c-34da23532abb,Mon Jul 01 2019 19:27:48 GMT+0530 (India Standard Time),Fri Aug 30 2019 19:29:50 GMT+0530 (India Standard Time),Invalid Date,6,Fri Sep 20 2019 05:30:00 GMT+0530 (India Standard Time),
4596744,ba74b317-a860-4226-9e93-162aae92d146,44728428581.wav,46fd17c8-4568-4e01-b032-4038d4e47f21,Mon Feb 11 2019 19:56:01 GMT+0530 (India Standard Time),Fri Apr 12 2019 19:56:47 GMT+0530 (India Standard Time),Invalid Date,6,Thu Sep 26 2019 05:30:00 GMT+0530 (India Standard Time),
4596744,469770e9-4667-4cae-896c-330ff2ad36c5,44728873733.wav,f2b4a9e1-ea73-4e6d-a8f7-ba8ab3e5203e,Mon Feb 11 2019 22:37:00 GMT+0530 (India Standard Time),Fri Apr 12 2019 22:38:49 GMT+0530 (India Standard Time),Invalid Date,6,Thu Sep 26 2019 05:30:00 GMT+0530 (India Standard Time),
4596744,fe5fd10e-1f41-400d-abc5-378984bb7a42,44903672712.wav,0f8114fd-2e5c-4652-a0b5-f27ff09e12ff,Wed Feb 20 2019 01:49:17 GMT+0530 (India Standard Time),Sun Apr 21 2019 01:50:06 GMT+0530 (India Standard Time),Invalid Date,6,Fri Sep 20 2019 05:30:00 GMT+0530 (India Standard Time),
4596744,a89d4f81-5651-47ff-abf4-bd97671bc0eb,44728401204.wav,3b8d7de1-f783-461c-a3cb-d35d39992fbb,Mon Feb 11 2019 19:42:49 GMT+0530 (India Standard Time),Fri Apr 12 2019 19:45:51 GMT+0530 (India Standard Time),Invalid Date,6,Thu Sep 26 2019 05:30:00 GMT+0530 (India Standard Time),
4596744,63373a3d-0e69-4d13-8cbd-415ccdb78fe2,95295493283.wav,c6004edb-1a62-45a2-994a-a40d4e21923f,Tue Jul 02 2019 01:11:18 GMT+0530 (India Standard Time),Sat Aug 31 2019 01:11:54 GMT+0530 (India Standard Time),Invalid Date,6,Tue Oct 01 2019 05:30:00 GMT+0530 (India Standard Time),
4596744,6e5361f1-7683-4c6d-8f66-05fb7d66af2f,45595945128.wav,59c054d5-f451-4a2b-929b-fbfb32927a12,Fri Mar 29 2019 20:38:04 GMT+0530 (India Standard Time),Tue May 28 2019 20:38:32 GMT+0530 (India Standard Time),Invalid Date,6,Tue Sep 24 2019 05:30:00 GMT+0530 (India Standard Time),
4596744,b2261b11-31af-4be3-8df7-5f6e5fdcc6fd,45280014723.wav,42fa821f-42fd-48f1-92b8-5ec613769f1a,Tue Mar 12 2019 23:40:34 GMT+0530 (India Standard Time),Sat May 11 2019 23:42:30 GMT+0530 (India Standard Time),Invalid Date,6,Sat Sep 21 2019 05:30:00 GMT+0530 (India Standard Time),
4596744,666689b3-8b66-4d91-9545-7f566eb35274,44728663635.wav,ffa2ecbc-907c-4495-84bf-145ea1315257,Mon Feb 11 2019 21:31:05 GMT+0530 (India Standard Time),Fri Apr 12 2019 21:32:46 GMT+0530 (India Standard Time),Invalid Date,6,Thu Sep 26 2019 05:30:00 GMT+0530 (India Standard Time),
4596744,ddd145c7-aca8-4335-ba25-70d55cf4344a,95531403997.wav,f7bbbb71-643d-4591-b04c-8363bf03bb50,Fri Jul 12 2019 23:20:25 GMT+0530 (India Standard Time),Tue Sep 10 2019 23:21:54 GMT+0530 (India Standard Time),Invalid Date,6,Mon Sep 30 2019 05:30:00 GMT+0530 (India Standard Time),
4596744,9251500d-66be-4dce-a087-d9b1939f0e31,70946002592.wav,e2b49dc3-31c4-458d-ba8e-b091df420f66,Wed Jun 12 2019 23:06:02 GMT+0530 (India Standard Time),Sun Aug 11 2019 23:07:49 GMT+0530 (India Standard Time),Invalid Date,6,Mon Sep 30 2019 05:30:00 GMT+0530 (India Standard Time),
4596744,d82e8417-94ca-4b17-8847-5eb4fecbfba5,44728349119.wav,81d8dfc5-a85e-4f33-9209-8e315271cdf9,Mon Feb 11 2019 18:59:36 GMT+0530 (India Standard Time),Fri Apr 12 2019 19:00:45 GMT+0530 (India Standard Time),Invalid Date,6,Thu Sep 26 2019 05:30:00 GMT+0530 (India Standard Time),
4596744,cf737f3d-dcfb-46c5-af4d-f1ec344f43e1,44728868227.wav,26daa627-da4f-40eb-8baf-9550417d25d5,Mon Feb 11 2019 22:34:17 GMT+0530 (India Standard Time),Fri Apr 12 2019 22:34:48 GMT+0530 (India Standard Time),Invalid Date,6,Thu Sep 26 2019 05:30:00 GMT+0530 (India Standard Time),
4596744,e010b97f-ec53-494f-8677-7540c8411786,95447202332.wav,6bc5f6d0-a71a-48cc-8aa3-aec97b1e1f28,Tue Jul 09 2019 23:09:39 GMT+0530 (India Standard Time),Sat Sep 07 2019 23:11:53 GMT+0530 (India Standard Time),Invalid Date,6,Mon Sep 30 2019 05:30:00 GMT+0530 (India Standard Time),
4596744,6f6d8645-0b6b-4d77-ab88-a1f58355f6a4,44728696286.wav,11e46cd3-292b-4f50-87be-acbe9b57aed4,Mon Feb 11 2019 21:41:59 GMT+0530 (India Standard Time),Fri Apr 12 2019 21:42:48 GMT+0530 (India Standard Time),Invalid Date,6,Thu Sep 26 2019 05:30:00 GMT+0530 (India Standard Time),
4596744,4cc832b9-26ba-449c-bea9-7c94b8eceaa7,44728647631.wav,f29b9be6-c62f-4d4a-a08a-20d1b7763388,Mon Feb 11 2019 21:29:59 GMT+0530 (India Standard Time),Fri Apr 12 2019 21:30:47 GMT+0530 (India Standard Time),Invalid Date,6,Thu Sep 26 2019 05:30:00 GMT+0530 (India Standard Time),
4596744,96ea1947-077d-485d-ac75-25c563b3c920,44729437910.wav,68f6b5d6-31a4-4686-b9f7-6bd48948c279,Tue Feb 12 2019 01:26:33 GMT+0530 (India Standard Time),Sat Apr 13 2019 01:28:47 GMT+0530 (India Standard Time),Invalid Date,6,Thu Sep 26 2019 05:30:00 GMT+0530 (India Standard Time),
4596744,19b0885a-00d1-4da1-b91b-7ee8456ec490,46024205940.wav,f48d0013-8fa7-48be-86fb-03096f5d1105,Wed Apr 24 2019 02:21:49 GMT+0530 (India Standard Time),Sun Jun 23 2019 02:22:32 GMT+0530 (India Standard Time),Invalid Date,6,Fri Sep 20 2019 05:30:00 GMT+0530 (India Standard Time),
4596744,6c0f9d27-f81d-41ff-a397-8871dfeebbc0,44728893543.wav,ea67b2d4-35b2-4e1e-a2ba-8e0a9a144e55,Mon Feb 11 2019 22:41:41 GMT+0530 (India Standard Time),Fri Apr 12 2019 22:41:45 GMT+0530 (India Standard Time),Invalid Date,6,Thu Sep 26 2019 05:30:00 GMT+0530 (India Standard Time),
4596744,cc56c4db-eb64-4bd3-8911-851c7ac865d0,95215053298.wav,25fef762-2641-40d9-8288-49dbeead6ce8,Wed Jun 26 2019 01:31:21 GMT+0530 (India Standard Time),Sun Aug 25 2019 01:31:51 GMT+0530 (India Standard Time),Invalid Date,6,Mon Sep 30 2019 05:30:00 GMT+0530 (India Standard Time),
4596744,cc3ee43b-d228-4aee-8955-51611d2d9583,45597024078.wav,05450c03-727f-4bf6-ae26-a55125ddf7a3,Sat Mar 30 2019 02:41:44 GMT+0530 (India Standard Time),Wed May 29 2019 02:42:34 GMT+0530 (India Standard Time),Invalid Date,6,Fri Sep 20 2019 05:30:00 GMT+0530 (India Standard Time),
4596744,6ae72784-4864-47f6-8719-776bf017bfee,95414002889.wav,b709f086-5a0a-4fe4-9937-95ff7b989d6e,Mon Jul 08 2019 23:33:55 GMT+0530 (India Standard Time),Fri Sep 06 2019 23:35:52 GMT+0530 (India Standard Time),Invalid Date,6,Wed Oct 02 2019 05:30:00 GMT+0530 (India Standard Time),
4596744,50eed62d-43ee-47a7-bd41-30eb657c7fa8,45484626809.wav,75d9d899-ad40-4d88-8cb2-e337682e44b9,Tue Jul 23 2019 19:24:12 GMT+0530 (India Standard Time),Sat Sep 21 2019 19:25:55 GMT+0530 (India Standard Time),Invalid Date,6,Mon Sep 30 2019 05:30:00 GMT+0530 (India Standard Time),
4596744,3f592577-081b-49c6-97fa-20d115a35fb4,44728886847.wav,a61fe4c4-0fdf-4adc-b451-cbefd43336c4,Mon Feb 11 2019 22:38:23 GMT+0530 (India Standard Time),Fri Apr 12 2019 22:41:52 GMT+0530 (India Standard Time),Invalid Date,6,Thu Sep 26 2019 05:30:00 GMT+0530 (India Standard Time),
4596744,94e037c0-779c-4596-b242-69f14c5036a0,45547057543.wav,1bcde539-2914-4ecf-aa3d-282cb13df81a,Wed Mar 27 2019 02:51:17 GMT+0530 (India Standard Time),Sun May 26 2019 02:52:29 GMT+0530 (India Standard Time),Invalid Date,6,Sat Oct 05 2019 05:30:00 GMT+0530 (India Standard Time),
4596744,19b39694-b7ea-4aa5-9800-6ac8d3fb2eef,44750507624.wav,c8c82697-88f2-4f9e-bb4c-6f13f29c77bd,Tue Feb 12 2019 01:44:47 GMT+0530 (India Standard Time),Sat Apr 13 2019 01:46:47 GMT+0530 (India Standard Time),Invalid Date,6,Thu Sep 26 2019 05:30:00 GMT+0530 (India Standard Time),
4596744,9237bd3c-08c1-446c-8338-e47b52bec9e1,95256852101.wav,ca3deedb-0be1-4934-abc4-eadd332513d2,Fri Jun 28 2019 17:06:35 GMT+0530 (India Standard Time),Tue Aug 27 2019 17:07:49 GMT+0530 (India Standard Time),Invalid Date,6,Mon Sep 30 2019 05:30:00 GMT+0530 (India Standard Time),
4596744,81770949-7240-4b22-943a-951b9810fc82,47178750814.wav,0a769097-d304-4aab-9d9c-1a2e56b5bdcf,Wed Jul 24 2019 01:42:44 GMT+0530 (India Standard Time),Sun Sep 22 2019 01:43:56 GMT+0530 (India Standard Time),Invalid Date,6,Mon Sep 30 2019 05:30:00 GMT+0530 (India Standard Time),
4596744,aaf97379-0ded-4f52-a856-97610d958f4c,44728417652.wav,261cdc9c-653b-472a-8262-e29d7933002f,Mon Feb 11 2019 19:49:30 GMT+0530 (India Standard Time),Fri Apr 12 2019 19:50:45 GMT+0530 (India Standard Time),Invalid Date,6,Thu Sep 26 2019 05:30:00 GMT+0530 (India Standard Time),
4596744,26100a88-97a6-48c4-a09c-f884a997c215,95383952471.wav,ea887d5e-f365-4673-a098-1dc2da6beeb7,Fri Jul 05 2019 23:37:49 GMT+0530 (India Standard Time),Tue Sep 03 2019 23:39:53 GMT+0530 (India Standard Time),Invalid Date,6,Wed Oct 02 2019 05:30:00 GMT+0530 (India Standard Time),
4596744,cc25248f-825c-43e6-b7b6-ea4f4440cc37,95530508431.wav,8ee1e68f-bcb6-4425-93ae-038f45725125,Fri Jul 12 2019 17:30:48 GMT+0530 (India Standard Time),Tue Sep 10 2019 17:31:50 GMT+0530 (India Standard Time),Invalid Date,6,Fri Oct 04 2019 05:30:00 GMT+0530 (India Standard Time),
4596744,da479176-3cad-4c76-9eca-3f6f482fda43,46350466933.wav,1dc4ff1b-7950-478f-8283-45c8812ddf2c,Fri May 10 2019 23:21:21 GMT+0530 (India Standard Time),Tue Jul 09 2019 23:22:40 GMT+0530 (India Standard Time),Invalid Date,6,Wed Sep 18 2019 05:30:00 GMT+0530 (India Standard Time),
4596744,496a38b5-e31b-448e-bb50-e2a6aa203d70,44729016078.wav,13ff41ef-3a47-4e80-bde7-1a40912c02c4,Mon Feb 11 2019 23:22:57 GMT+0530 (India Standard Time),Fri Apr 12 2019 23:24:48 GMT+0530 (India Standard Time),Invalid Date,6,Thu Sep 26 2019 05:30:00 GMT+0530 (India Standard Time),
4596744,15f62d50-3346-4a50-b9ae-6f7d87cbdc08,44728382235.wav,e42475de-f0cf-49c2-8bcf-fd496ee1d93b,Mon Feb 11 2019 19:37:43 GMT+0530 (India Standard Time),Fri Apr 12 2019 19:37:52 GMT+0530 (India Standard Time),Invalid Date,6,Thu Sep 26 2019 05:30:00 GMT+0530 (India Standard Time),
4596744,fb9fc5be-7290-454b-911e-ce78e0a3029c,95295327678.wav,d9421bdf-2d7f-479a-bfa5-8823f43c8397,Tue Jul 02 2019 00:27:07 GMT+0530 (India Standard Time),Sat Aug 31 2019 00:27:53 GMT+0530 (India Standard Time),Invalid Date,6,Mon Sep 30 2019 05:30:00 GMT+0530 (India Standard Time),
4596744,158bca62-3c00-420f-8031-69c18a3ffd53,95413978025.wav,6c77ea54-edf5-4563-9cfb-211e6c9803f6,Mon Jul 08 2019 23:25:52 GMT+0530 (India Standard Time),Fri Sep 06 2019 23:27:49 GMT+0530 (India Standard Time),Invalid Date,6,Wed Oct 02 2019 05:30:00 GMT+0530 (India Standard Time),
4596744,c451e786-e4df-4334-b382-069a6f526383,46024159814.wav,6198179c-92f4-4db8-b729-c261e1229643,Wed Apr 24 2019 02:05:48 GMT+0530 (India Standard Time),Sun Jun 23 2019 02:06:35 GMT+0530 (India Standard Time),Invalid Date,6,Fri Sep 20 2019 05:30:00 GMT+0530 (India Standard Time),
4596744,6cbd4856-d4b2-4e14-bbf8-b7203530f0cd,95657349403.wav,ef596f46-65f0-4e67-aa29-83e78ff46246,Fri Jul 19 2019 20:34:43 GMT+0530 (India Standard Time),Tue Sep 17 2019 20:35:55 GMT+0530 (India Standard Time),Invalid Date,6,Wed Oct 02 2019 05:30:00 GMT+0530 (India Standard Time),
4596744,c52cf2d1-34f9-489d-9de4-80bd3ccc3cdd,95257239273.wav,1dab5558-7309-4f52-a15a-0df47e16a1aa,Fri Jun 28 2019 20:28:11 GMT+0530 (India Standard Time),Tue Aug 27 2019 20:29:51 GMT+0530 (India Standard Time),Invalid Date,6,Mon Sep 30 2019 05:30:00 GMT+0530 (India Standard Time),
4596744,4c13a075-161c-430a-8e29-2e154b2979a1,45485492115.wav,a464ca12-5c0c-4288-b065-5ce1a3a664b1,Tue Jul 23 2019 23:54:48 GMT+0530 (India Standard Time),Sat Sep 21 2019 23:55:55 GMT+0530 (India Standard Time),Invalid Date,6,Mon Sep 30 2019 05:30:00 GMT+0530 (India Standard Time),
4596744,e1aa7989-7f86-49f4-9e1f-9d128bfdabec,44750701135.wav,c29726ff-749c-423d-a297-8c9575d33899,Tue Feb 12 2019 02:49:19 GMT+0530 (India Standard Time),Sat Apr 13 2019 02:50:47 GMT+0530 (India Standard Time),Invalid Date,6,Thu Sep 26 2019 05:30:00 GMT+0530 (India Standard Time),
